{
    "loss": [
        1.8089581727981567,
        1.2696096897125244,
        0.9302084445953369,
        0.7458846569061279,
        0.5608744621276855,
        0.44785580039024353,
        0.36933740973472595,
        0.2909510135650635,
        0.226390078663826,
        0.19857314229011536,
        0.16376204788684845,
        0.1320676952600479,
        0.11792512983083725,
        0.12074233591556549,
        0.08747440576553345,
        0.07954997569322586,
        0.0722273662686348,
        0.0643719881772995,
        0.0571240670979023,
        0.06642725318670273,
        0.0559740774333477,
        0.06411441415548325,
        0.033489130437374115,
        0.04007868096232414,
        0.06641067564487457,
        0.037705760449171066,
        0.02266586944460869,
        0.0473894439637661,
        0.044723402708768845,
        0.03767934814095497
    ],
    "accuracy": [
        0.34958264231681824,
        0.5581802725791931,
        0.6823872923851013,
        0.7459933161735535,
        0.8108513951301575,
        0.8449081778526306,
        0.8732888102531433,
        0.9007512331008911,
        0.9212020039558411,
        0.9328881502151489,
        0.9457429051399231,
        0.9570951461791992,
        0.9611018300056458,
        0.9590150117874146,
        0.9723706245422363,
        0.9759599566459656,
        0.9771285653114319,
        0.9789649248123169,
        0.9824708104133606,
        0.9787145256996155,
        0.9820533990859985,
        0.981218695640564,
        0.9901502728462219,
        0.9863105416297913,
        0.9797161817550659,
        0.9879799485206604,
        0.9924874901771545,
        0.9854757785797119,
        0.9853923320770264,
        0.9888981580734253
    ],
    "val_loss": [
        1.3688421249389648,
        1.1783398389816284,
        0.7764614820480347,
        0.6503158807754517,
        0.5924935936927795,
        0.4821406900882721,
        0.4479963779449463,
        0.31427431106567383,
        0.37216755747795105,
        0.523523211479187,
        0.3993796706199646,
        0.3958972990512848,
        0.2951193153858185,
        0.35344186425209045,
        0.3815484344959259,
        0.28323569893836975,
        0.31879758834838867,
        0.3168145716190338,
        0.32058748602867126,
        0.30951783061027527,
        0.23597514629364014,
        0.23855328559875488,
        0.3099135160446167,
        0.282540500164032,
        0.2606847584247589,
        0.24462063610553741,
        0.3296228349208832,
        0.3215959072113037,
        0.28038859367370605,
        0.25871413946151733
    ],
    "val_accuracy": [
        0.5218697786331177,
        0.5612688064575195,
        0.7398998141288757,
        0.7849749326705933,
        0.7916527390480042,
        0.8380634188652039,
        0.8520867824554443,
        0.8908180594444275,
        0.8841402530670166,
        0.8514190316200256,
        0.8854758143424988,
        0.8751252293586731,
        0.903171956539154,
        0.900166928768158,
        0.8938230276107788,
        0.9138564467430115,
        0.9088481068611145,
        0.9141902923583984,
        0.9085142016410828,
        0.9121869802474976,
        0.9352253675460815,
        0.9308847784996033,
        0.9158597588539124,
        0.9305509328842163,
        0.9345576167106628,
        0.9325542449951172,
        0.9238731265068054,
        0.9225375652313232,
        0.9338898062705994,
        0.9342237114906311
    ]
}